Model,Epochs,Batch Size,Learning Rate,MAE,Pearson Correlation
CNN_Model,100,32,0.0005,6.459189,0.9204694
CNN_Model_100_32_0.0005,100,32,0.0005,5.473169326782227,0.951241672039032
