Model,Epochs,Batch Size,Learning Rate,MAE,Pearson Correlation
CNN_100_32_0.0005,100,32,0.0005,6.935210227966309,0.9135920405387878
CNN_150_64_0.0003,150,64,0.0003,7.839530467987059,0.9341236352920532
CNN_200_16_0.001,200,16,0.001,5.720019817352295,0.9244595170021056
ResNet18_100_32_0.0005,100,32,0.0005,10.779129981994627,0.7369794845581055
ResNet50_150_64_0.0003,150,64,0.0003,13.535577774047852,0.6269606351852417
